"id";"country_name";"region";"capital";"population";"cost";"currency";"time_zone";"country_code";"language";"to_do";"description"
"1";"USA";"usca";"Washington, D.C.";"331,002,651";"$$$";"US dollar";"UTC-08:00 ( PT )UTC-07:00 ( MT )UTC-06:00 ( CT )UTC-05:00 ( ET )";"+1";"+English 82%, Spanish 11% ";"1. New York City - 2. Grand Canyon - 3. San Francisco - 4. Las Vegas - 5. Yellowstone - 6. Chicago - 7. Los Angeles - 8. Washington DC - 9. Orlando - 10. Hawaii - 11. Seattle - 12. Miami - 13. Boston - 14. Niagara Falls - 15. New Orleans - 16. Denali National Park - 17. San Diego - 18. Sedona - 19. Philadelphia - 20. Savannah - 21. San Antonio - 22. Portland - 23. Yosemite National Park - 24. Atlanta - 25. Aspen";"The United States of America (U.S.A. or USA), commonly known as the United States (U.S. or US) or America, is a country primarily located in North America. It consists of 50 states, a federal district, five major unincorporated territories, nine Minor Outlying Islands, and 326 Indian reservations. It is the world's third-largest country by both land and total area. The United States shares land borders with Canada to its north and with Mexico to its south. It has maritime borders with the Bahamas, Cuba, Russia, and other nations. With a population of over 333 million, it is the most populous country in the Americas and the third most populous in the world. The national capital is Washington, D.C. and the most populous city and financial center is New York City."
"2";"Canada";"usca";"Ottawa";"37,742,154";"$$$";"Canadian Dollar";"UTC-08:00 ( PT )UTC-07:00 ( MT )UTC-06:00 ( CT )UTC-05:00 ( ET )UTC-04:00 ( AT )UTC-03:30 ( NT )";"+1";"English 59.3%, French 23.2% (both official)\; other 17.5%";"1. Banff National Park - 2. Vancouver - 3. Niagara Falls - 4. Montreal - 5. Toronto - 6. Quebec City - 7. Vancouver Island - 8. Whistler - 9. Ottawa - 10. Cape Breton Island - 11. Churchill - 12. Calgary";"Canada is a country in North America. Its ten provinces and three territories extend from the Atlantic Ocean to the Pacific Ocean and northward into the Arctic Ocean, covering over 9.98 million square kilometres (3.85 million square miles), making it the world's second-largest country by total area. Its southern and western border with the United States, stretching 8,891 kilometres (5,525 mi), is the world's longest binational land border. Canada's capital is Ottawa, and its three largest metropolitan areas are Toronto, Montreal, and Vancouver."
"3";"Mexico";"LATAM";"Mexico city";"128,932,753";"$";"Mexican peso";"UTC-05:00";"+52";"Spanish, various Mayan, Nahuatl, and other regional indigenous languages";"1. Chichen Itza - 2. Tulum - 3. Teotihuacan - 4. Puerto Vallarta - 5. Mexico City - 6. Oaxaca - 7. Cancun - 8. Guanajuato - 9. Copper Canyon - 10. Palenque - 11. Cozumel - 12. Los Cabos - 13. Taxco - 14. Merida - 15. Playa del Carmen - 16. Acapulco - 17. Puebla";"Mexico (Spanish: México), officially the United Mexican States, is a country in the southern portion of North America. It is bordered to the north by the United States\; to the south and west by the Pacific Ocean\; to the southeast by Guatemala, Belize, and the Caribbean Sea\; and to the east by the Gulf of Mexico. Mexico covers 1,972,550 square kilometers (761,610 sq mi), making it the world's 13th-largest country by area\; with approximately 126,014,024 inhabitants, it is the 10th-most-populous country and has the most Spanish-speakers. Mexico is organized as a federal republic comprising 31 states and Mexico City, its capital. Other major urban areas include Monterrey, Guadalajara, Puebla, Toluca, Tijuana, Ciudad Juárez, and León."
"4";"Brazil";"LATAM";"Brasilia";"212,559,417";"$";"Brazilian Real";"UTC-05:00 ( Brasilia time -2 )( Brasilia time -1 )UTC-03:00 ( Brasilia time )";"+55";"Portuguese (official), Spanish, English, French";"1. Rio de Janeiro - 2. Foz do Iguacu - 3. Salvador - 4. Manaus - 5. Florianopolis - 6. Pantanal - 7. Olinda - 8. Chapada Diamantina National Park - 9. Recife - 10. Parati - 11. Chapada dos Veadeiros National Park - 12. Fortaleza - 13. Bonito - 14. Ouro Preto - 15. Brasilia - 16. Sao Paulo - 17. Jericoacoara";"Brazil (Portuguese: Brasil) officially the Federative Republic of Brazil (Portuguese: República Federativa do Brasil), is the largest country in both South America and Latin America. At 8.5 million square kilometers (3,300,000 sq mil and with over 217 million people, Brazil is the world's fifth-largest country by area and the seventh most populous. Its capital is Brasília, and its most populous city is São Paulo. The federation is composed of the union of the 26 states and the Federal District. It is the largest country to have Portuguese as an official language and the only one in the Americas\; one of the most multicultural and ethnically diverse nations, due to over a century of mass immigration from around the world\; and the most populous Roman Catholic-majority country."
"5";"Argentina";"LATAM";"Buenos Aires";"45,195,774";"$";"Argentine Peso";"UTC-03:00 ( ART )";"+54";"Spanish (official), English, Italian, German, French";"1 Drive the Ruta de los Siete Lagos - 2 Celebrate Carnival in the Litoral - 3 Marvel at the Glaciar Perito Moreno - 4 Watch Birdlife at the Esteros del Iberá - 5 Stroll through San Telmo, Buenos Aires - 6 Experience prehistoric art at Cueva de las Manos Pintadas - 7 Challenge yourself climbing Aconcagua - 8 Become a gaucho at an Estancia - 9 Go boating at Tigre and the Parana Delta - 10 See gigantic Dinosaur fossils in Neuquén - 11 Cuddle up with the fluffy Andean camelids - 12 Quebrada de Humahuaca - 13 Ushuaia - 14 Watch a game of Football (Soccer) in Buenos Aires - 15 Go wine-tasting in Mendoza - 16 Eat your roast at Asados - 17 Go Trekking in the Andes - 18 Get awed at Iguazú Falls - 19 Watch Elephant seals at Valdés - 20 Enjoy powder days for winter sports - 21 Hike the pink sandstone cliffs of Talampaya - 22 Visit the famous dead at La Recoleta Cemetery - 23 Get lost in the Pampas - 24 Climb Volcán Lanín - 25 Purchase traditional handicrafts";"Argentina, officially the Argentine Republica (Spanish: República Argentina), is a country in the southern half of South America. Argentina covers an area of 2,780,400 km2 (1,073,500 sq mi), making it the second-largest country in South America after Brazil, the fourth-largest country in the Americas, and the eighth-largest country in the world. It shares the bulk of the Southern Cone with Chile to the west, and is also bordered by Bolivia and Paraguay to the north, Brazil to the northeast, Uruguay and the South Atlantic Ocean to the east, and the Drake Passage to the south."
"6";"Dominican Republic";"LATAM";"Santo Domingo";"10,847,910";"$$";"Dominican peso";"UTC-04:00";"+1-809, +1-829, +1-849";"Spanish";"1. Punta Cana - 2. Sosua - 3. Bayahibe - 4. Samana - 5. Cabarete - 6. Santo Domingo - 7. El Limon Waterfall - 8. Playa Rincon - 9. Jarabacoa - 10. Las Terrenas";"The Dominican Republic is a country located on the island of Hispaniola in the Greater Antilles archipelago of the Caribbean region. It occupies the eastern five-eighths of the island, which it shares with Haiti, making Hispaniola one of only two Caribbean islands, along with Saint Martin, that is shared by two sovereign states. The Dominican Republic is the second-largest nation in the Antilles by area (after Cuba) at 48,671 square kilometers (18,792 sq mi), and third-largest by population, with approximately 10.7 million people (2022 est.), down from 10.8 million in 2020, of whom approximately 3.3 million live in the metropolitan area of Santo Domingo, the capital city."
"7";"Peru";"LATAM";"Lima";"32,971,854";"$";"Sol";"UTC-05:00 ( PET )";"+51";"Spanish, Quechua (both official)\; Aymara\; many minor Amazonian languages";"1. Machu Picchu - 2. Lima - 3. Chan Chan - 4. Huacachina - 5. Huaraz - 6. Trujillo - 7. Tingo Maria - 8. Puno - 9. Tarapoto - 10. Tarma - 11. Puerto Maldonado - 12. Arequipa - 13. Urubamba - 14. Cusco - 15. Nazca";"Peru, officially the Republic of Peru (Spanish: República del Perú), is a country in western South America. It is bordered in the north by Ecuador and Colombia, in the east by Brazil, in the southeast by Bolivia, in the south by Chile, and in the south and west by the Pacific Ocean. Peru is a megadiverse country with habitats ranging from the arid plains of the Pacific coastal region in the west to the peaks of the Andes mountains extending from the north to the southeast of the country to the tropical Amazon basin rainforest in the east with the Amazon River. Peru has a population of 32 million, and its capital and largest city is Lima. At 1.28 million km2 (0.5 million mi2), Peru is the 19th largest country in the world, and the third largest in South America."
"8";"Cuba";"LATAM";"Havana";"11,326,616";"$$";"Cuban pesos";"UTC-05:00";"+53";"Spanish";"1. Stroll the Havana Malecon - 2. Wander the streets of Old Havana - 3.cWonder at the works in the Museo Nacional de Bellas Artes - 4. Keep company with a national hero at the Che Guevara Mausoleum - 5. See raw 20th century history at the Museum of the Revolution - 6. Wonder at the bulwarks of mighty Castillo de San Pedro de la Roca - 7. Hike the wilds of the Sierra Maestra - 8. Join the Fiesta de la Cubania in Bayamo - 9. Kick-back in Varadero - 10. Enjoy cabaret at the - Tropicana Club - 11. See the haunting graves in the Colon Cemetery - 12. Wallow in the Spanish vibes of Trinidad - 13. Tour the Valle de los Ingenios - 14. Have a morning swim on Cayo Coco";"Cuba, officially the Republic of Cuba (Spanish: República de Cuba), is an island country comprising the island of Cuba, as well as Isla de la Juventud and several minor archipelagos. Cuba is located where the northern Caribbean Sea, Gulf of Mexico, and Atlantic Ocean meet. Cuba is located east of the Yucatán Peninsula (Mexico), south of both the American state of Florida and the Bahamas, west of Hispaniola (Haiti/Dominican Republic), and north of both Jamaica and the Cayman Islands. Havana is the largest city and capital\; other major cities include Santiago de Cuba and Camagüey. The official area of the Republic of Cuba is 109,884 km2 (42,426 sq mi) (without the territorial waters) but a total of 350,730 km² (135,418 sq mi) including the exclusive economic zone. Cuba is the second-most populous country in the Caribbean after Haiti, with over 11 million inhabitants."
"9";"Iceland";"Europe";"Reykjavik";"341,243";"$$$$$";"Iceland Krona";"UTC+00:00";"+354";"Icelandic, English, Nordic languages, German widely spoken";"1. The Blue Lagoon - 2. Gullfoss Waterfall - 3. Grundarfjordur - 4. Myrdalsjokull Glacier Park - 5. Landmannalaugar - 6. Reykjavik - 7. Vatnajokull National Park - 8. Borgarnes - 9. Asbyrgi Canyon - 10. Skalholt - 11. Akureyri - 12. The Westfjords - 13. Lake Myvatn - 14. Thingvellir National Park - 15. Hofn";"Iceland is a Nordic island country in the North Atlantic Ocean and in the Arctic Ocean. Iceland is the most sparsely populated country in Europe. Iceland's capital and largest city is Reykjavík, which (along with its surrounding areas) is home to over 65% of the population. Iceland is the biggest part of the Mid-Atlantic Ridge that rises above sea level, and its central volcanic plateau is erupting almost constantly. The interior consists of a plateau characterised by sand and lava fields, mountains, and glaciers, and many glacial rivers flow to the sea through the lowlands. Iceland is warmed by the Gulf Stream and has a temperate climate, despite a high latitude just outside the Arctic Circle. Its high latitude and marine influence keep summers chilly, and most of its islands have a polar climate.According to the ancient manuscript Landnámabók, the settlement of Iceland began in 874 AD when the Norwegian chieftain Ingólfr Arnarson became the first permanent settler on the island. In the following centuries, Norwegians, and to a lesser extent other Scandinavians, immigrated to Iceland, bringing with them thralls (i.e., slaves or serfs) of Gaelic origin."
"10";"UK, Ireland";"Europe";"LondonDublin";"UK 67,886,011Ireland 4,937,786";"$$$";"Pound SterlingEuro";"UTC+01:00 ( GMT in winter/ BST in summer)";"+44 UK+353 Ireland";"UK: English, Welsh, Scots GaelicIreland: English, Irish (Gaelic) (both official)";"1. London - 2. Cornwall - 3. The Lake District - 4. Brighton - 5. Bath - 6. Edinburgh - 7. Llandudno - 8. Belfast - 9. Anglesey - 10. The Cotswolds - 11. Cliffs of Moher - 12. Sligo - 13. Killarney National Park - 14. Boyne Valley - 15. The Rock of Cashel - 16. Dublin - 17. Dingle - 18. Galway City - 19. Blarney Castle";"The British Isles are a group of islands in the North Atlantic Ocean off the north-western coast of continental Europe, consisting of the islands of Great Britain, Ireland, the Isle of Man, the Inner and Outer Hebrides, the Northern Isles, and over six thousand smaller islands. They have a total area of 315,159 km2 (121,684 sq mi) and a combined population of almost 72 million, and include two sovereign states, the Republic of Ireland (which covers roughly five-sixths of Ireland), and the United Kingdom of Great Britain and Northern Ireland. The Channel Islands, off the north coast of France, are normally taken to be part of the British Isles, even though they do not form part of the archipelago."
"11";"Norway";"Europe";"Oslo";"5,421,241";"$$$$$";"Norwegian Krone";"UTC+01:00 ( CET )";"+47";"Bokmal Norwegian, Nynorsk Norwegian (both official), small Sami- and Finnish-speaking minorities (Sami is official in six municipalities)";"1. Alesund - 2. Tromso - 3. Trondheim - 4. Jotunheimen National Park - 5. Svalbard - 6. Oslo - 7. Stavanger - 8. Lofoten Islands - 9. Bergen - 10. The Western Fjords - 11. Bodo - 12. Fredrikstad - 13. Alta - 14. Roros - 15. Helgeland.";"Norway, officially the Kingdom of Norway, is a Nordic country in Northern Europe, the mainland territory of which comprises the western and northernmost portion of the Scandinavian Peninsula. The remote Arctic island of Jan Mayen and the archipelago of Svalbard also form part of Norway. Bouvet Island, located in the Subantarctic, is a dependency of Norway\; it also lays claims to the Antarctic territories of Peter I Island and Queen Maud Land. The capital and largest city in Norway is Oslo.The country shares a long eastern border with Sweden at a length of 1,619 km (1,006 mi). It is bordered by Finland and Russia to the northeast and the Skagerrak strait to the south, on the other side of which are Denmark and the United Kingdom. Norway has an extensive coastline, facing the North Atlantic Ocean and the Barents Sea. The maritime influence dominates Norway's climate, with mild lowland temperatures on the sea coasts\; the interior, while colder, is also significantly milder than areas elsewhere in the world on such northerly latitudes. Even during polar night in the north, temperatures above freezing are commonplace on the coastline. The maritime influence brings high rainfall and snowfall to some areas of the country."
"12";"France";"Europe";"Paris";"65,273,511";"$$$";"Euro";"UTC+02:00 ( EET )";"+33";"French 100%, rapidly declining regional dialects (Provençal, Breton, Alsatian, Corsican, Catalan, Basque, Flemish)";"1. Paris - 2. Corsica - 3. Dordogne - 4. Mont Saint-Michel - 5. Luberon - 6. Bordeaux - 7. Loire Valley - 8. Strasbourg - 9. Lyon - 10. The Beaches of Normandy - 11. Carcassonne - 12. French Riviera - 13. Provence - 14. Rocamadour - 15. Toulouse";"France, officially the French Republic is a country primarily located in Western Europe. It also comprises of overseas regions and territories in the Americas and the Atlantic, Pacific and Indian Oceans. Its metropolitan area extends from the Rhine to the Atlantic Ocean and from the Mediterranean Sea to the English Channel and the North Sea\; overseas territories include French Guiana in South America, Saint Pierre and Miquelon in the North Atlantic, the French West Indies, and many islands in Oceania and the Indian Ocean. Due to its several coastal territories, France has the largest exclusive economic zone in the world. France borders Belgium, Luxembourg, Germany, Switzerland, Monaco, Italy, Andorra, and Spain in continental Europe, as well as the Netherlands, Suriname, and Brazil in the Americas via its overseas territories in French Guiana and Saint Martin. Its eighteen integral regions (five of which are overseas) span a combined area of 643,801 km2 (248,573 sq mi) and contain close to 68 million people (as of July 2022). France is a unitary semi-presidential republic with its capital in Paris, the country's largest city and main cultural and commercial centre\; other major urban areas include Marseille, Lyon, Toulouse, Lille, Bordeaux, and Nice."
"13";"Spain";"Europe";"Madrid";"46,754,778";"$$";"Euro";"UTC+02:00 ( EET )";"+34";"Castilian Spanish 74% (official nationwide)\; Catalan 17%, Galician 7%, Basque 2% (each official regionally)";"1. The Sierra Nevada - 2. Santiago de Compostela - 3. Almeria 4. The Costa Brava - 5. Toledo - 6. Granada - 7. Madrid - 8. Pamplona - 9.  Barcelona - 10.  Cordoba - 11.  Avila - 12.  Salamanca - 13.  Seville - 14.  Cadiz - 15. Burgos";"Spain, or the Kingdom of Spain (Reino de España), is a country primarily located in southwestern Europe with parts of territory in the Atlantic Ocean and across the Mediterranean Sea. The largest part of Spain is situated on the Iberian Peninsula\; its territory also includes the Canary Islands in the Atlantic Ocean, the Balearic Islands in the Mediterranean Sea, and the autonomous cities of Ceuta and Melilla in Africa. The country's mainland is bordered to the south by Gibraltar\; to the south and east by the Mediterranean Sea\; to the north by France, Andorra and the Bay of Biscay\; and to the west by Portugal and the Atlantic Ocean. With an area of 505,990 km2 (195,360 sq mi), Spain is the second-largest country in the European Union (EU) and, with a population exceeding 47.4 million, the fourth-most populous EU member state. Spain's capital and largest city is Madrid\; other major urban areas include Barcelona, Valencia, Seville, Zaragoza, Málaga, Murcia, Palma de Mallorca, Las Palmas de Gran Canaria and Bilbao."
"14";"Portugal";"Europe";"Lisbon";"10,196,709";"$$";"Euro";"UTC+01:00 ( CET )";"+351";"Portuguese (official), Mirandese (official, but locally used)";"1. Coimbra - 2. Faro - 3. Azores - 4. Évora - 5. Aveiro - 6. Sintra - 7. Porto - 9. Óbidos - 8. Funchal, Maderia - 9. The Algarve - 10. Lisbon - 11. Guimarães - 12. Albufeira - 13. Vilamoura -14. Fátima";"Portugal, officially the Portuguese Republic (Portuguese: República Portuguesa) is a country whose mainland is located on the Iberian Peninsula of Southwestern Europe, and whose territory also includes the Atlantic archipelagos of the Azores and Madeira. It features the westernmost point in continental Europe, and its Iberian portion is bordered to the west and south by the Atlantic Ocean and to the north and east by Spain, the sole country to have a land border with Portugal. Its two archipelagos form two autonomous regions with their own regional governments. Lisbon is the capital and largest city by population."
"15";"Italy";"Europe";"Rome";"60,461,826";"$$$";"Euro";"UTC+01:00 ( CET )";"+39";"Italian (official)\; German-, French-, and Slovene-speaking minorities";"1. Rome - 2. Cinque Terre - 3. Florence - 4. Bergamo - 5. Lecce - 6. Sicily - 7. Naples - 8. Italian Lake District - 9. Milan - 10. Bologna - 11. Siena - 12. Venice - 13. Sardinia - 14. Turin - 15. Pisa";"Italy, officially the Italian Republic, or the Republic of Italy, is a country in Southern Europe. It is located in the middle of the Mediterranean Sea, and its territory largely coincides with the homonymous geographical region. Italy is also considered part of Western Europe, and shares land borders with France, Switzerland, Austria, Slovenia and the enclaved microstates of Vatican City and San Marino. It has a territorial exclave in Switzerland, Campione. Italy covers an area of 301,230 km2 (116,310 sq mi), with a population of over 60 million. It is the third-most populous member state of the European Union, the sixth-most populous country in Europe, and the tenth-largest country in the continent by land area. Italy's capital and largest city is Rome."
"16";"Greece";"Europe";"Athens";"10,423,054";"$$";"Euro";"UTC+02:00 ( EET )";"+30";"Greek 99% (official), English, French";"1. Corfu - 2. Nafplion - 3. Corinth - 4. The Halkidiki Peninsula - 5. Mycenae - 6. Delphi - 7. Rhodes - 8. Zakynthos - 9. Thessaloniki - 10. Chania - 11. Knossos - 12. Athens - 13. Olympia - 14. Epidaurus - 15. Meteora";"Greece, officially the Hellenic Republic, is a country in Southeast Europe. It is situated on the southern tip of the Balkans, and is located at the crossroads of Europe, Asia, and Africa. Greece shares land borders with Albania to the northwest, North Macedonia and Bulgaria to the north, and Turkey to the northeast. The Aegean Sea lies to the east of the mainland, the Ionian Sea to the west, and the Sea of Crete and the Mediterranean Sea to the south. Greece has the longest coastline on the Mediterranean Basin, featuring thousands of islands. The country consists of nine traditional geographic regions, and has a population of approximately 10.4 million. Athens is the nation's capital and largest city, followed by Thessaloniki and Patras.Greece is considered the cradle of Western civilization, being the birthplace of democracy, Western philosophy, Western literature, historiography, political science, major scientific and mathematical principles, theatre and the Olympic Games. "
"17";"Czech Republic";"Europe";"Prague";"10,708,981";"$$";"Ceska koruna";"UTC+02:00 ( EET )";"+420";"Czech";"1. Prague - 2. Cesky Krumlov - 3. Castle Karlstejn - 4. Brno - 5. Sumava - 6. Karlovy Vary - 7. Liberec - 8. Ceske Budejovice - 9. Lipno - 10. Moravian Karst - 11. Olomouc - 12. Pilsen - 13. Kutna Hora - 14. Bohemian Paradise - 15. Krkonose National Park";"The Czech Republic or simply Czechia, is a landlocked country in Central Europe. Historically known as Bohemia, it is bordered by Austria to the south, Germany to the west, Poland to the northeast, and Slovakia to the southeast. The Czech Republic has a hilly landscape that covers an area of 78,871 square kilometers (30,452 sq mi) with a mostly temperate continental and oceanic climate. The capital and largest city is Prague\; other major cities and urban areas include Brno, Ostrava, Plzeň and Liberec.In the 19th century, the Czech lands became more industrialized, and in 1918 most of it became part of the First Czechoslovak Republic following the collapse of Austria-Hungary after World War I. Czechoslovakia was the only country in Central and Eastern Europe to remain a parliamentary democracy during the entirety of the interwar period. After the Munich Agreement in 1938, Nazi Germany systematically took control over the Czech lands. Czechoslovakia was restored in 1945 and became an Eastern Bloc communist state following a coup d'état in 1948. Attempts to liberalize the government and economy were suppressed by a Soviet-led invasion of the country during the Prague Spring in 1968. In November 1989, the Velvet Revolution ended communist rule in the country, and on 1 January 1993, Czechoslovakia was dissolved, with its constituent states becoming the independent states of the Czech Republic and Slovakia."
"18";"Belgium";"Europe";"Brussels";"11,589,623";"$$$";"Euro";"UTC+02:00 ( EET )";"+32";"Dutch (Flemish) 60%, French 40%, German less than 1% (all official)";"1. Canals of Bruges - 2. Grand Place - 3. Belfry of Bruges - 4. Gravensteen - 5. Tournai Cathedral - 6. Antwerp Central - 7. Grote Markt, Mechelen - 8. Bouillon Castle - 9. Mons Belfry - 10. Leuven Town Hall.";"Belgium, officially the Kingdom of Belgium, is a country in Northwestern Europe. The country is bordered by the Netherlands to the north, Germany to the east, Luxembourg to the southeast, France to the southwest, and the North Sea to the northwest. It covers an area of 30,528 km2 (11,787 sq mi) and has a population of more than 11.5 million, making it the 22nd most densely populated country in the world and the 6th most densely populated country in Europe, with a density of 376/km2 (970/sq mi). Belgium is part of an area known as the Low Countries, historically a somewhat larger region than the Benelux group of states, as it also included parts of northern France. The capital and largest city is Brussels\; other major cities are Antwerp, Ghent, Charleroi, Liège, Bruges, Namur, and Leuven."
"19";"Turkey";"Middle East";"Ankara";"84,339,067";"$";"Turkish Lira";"UTC+03:00 ( TRT )";"+90";"Turkish (official), Kurdish, Dimli, Azeri, Kabardian";"1. Istanbul - 2. Cappadocia - 3. Ephesus - 4. Bodrum - 5. Side - 6. Marmaris - 7. Antalya - 8. Konya - 9. Mardin - 10. Ankara";"Turkey (Turkish: Türkiye), officially the Republic of Türkiye (Turkish: Türkiye Cumhuriyeti), is a transcontinental country located mainly on the Anatolian Peninsula in Western Asia, with a small portion on the Balkan Peninsula in Southeast Europe. It shares borders with the Black Sea to the north\; Georgia to the northeast\; Armenia, Azerbaijan, and Iran to the east\; Iraq to the southeast\; Syria and the Mediterranean Sea to the south\; the Aegean Sea to the west\; and Greece and Bulgaria to the northwest. Cyprus is located off the south coast. Turks form the vast majority of the nation's population and Kurds are the largest minority. Ankara is Turkey's capital, while Istanbul is its largest city and financial centre."
"20";"Jordan";"Middle East";"Amman";"10,203,134";"$$";"Jordanian Dinar";"UTC+02:00";"+962";"Arabic (official), English";"1. Petra - 2. Al-Maghtas - 3. Amman - 4. Jerash - 5. Wadi Rum - 6. Dead Sea - 7. Aqaba - 8. Mujib Nature Reserve - 9. Dana Nature Reserve - 10. Madaba - 11. Ajloun - 12. Irbid - 13. Zarqa - 14. Ma'an - 15. Shobak";"Jordan (Arabic: الأردن\; tr. Al-ʾUrdunn), officially the Hashemite Kingdom of Jordan, is a country in Western Asia. It is situated at the crossroads of Asia, Africa, and Europe, within the Levant region, on the East Bank of the Jordan River. Jordan is bordered by Saudi Arabia to the south and east, Iraq to the northeast, Syria to the north, and Palestine, Israel, and the Dead Sea to the west. It has a 26 km (16 mi) coastline in its southwest on the Gulf of Aqaba's Red Sea, which separates Jordan from Egypt. Amman is Jordan's capital and largest city, as well as its economic, political, and cultural centre."
"21";"U.A.E";"Middle East";"Dubai";"9,890,402";"$$";"UAE Dirham";"UTC+04:00";"+971";"Arabic (official), Persian, English, Hindi, Urdu";"1. Dubai - 2. Hatta - 3. Jebel Jais & Ras Al Khaimah - 4. Fujairah - 5. Abu Dhabi - 6. Al Ain";"The United Arab Emirates (UAE\; Arabic: اَلْإِمَارَات الْعَرَبِيَة الْمُتَحِدَة al-ʾImārāt al-ʿArabīyah al-Muttaḥidah), or simply the Emirates (Arabic: الِْإمَارَات al-ʾImārāt), is a country in Western Asia (The Middle East). It is located at the eastern end of the Arabian Peninsula and shares borders with Oman and Saudi Arabia, while having maritime borders in the Persian Gulf with Qatar and Iran. Abu Dhabi is the nation's capital, while Dubai, the most populous city, is an international hub.The United Arab Emirates is an elective monarchy formed from a federation of seven emirates, consisting of Abu Dhabi (the capital), Ajman, Dubai, Fujairah, Ras Al Khaimah, Sharjah and Umm Al Quwain. Each emirate is governed by an emir and together the emirs form the Federal Supreme Council. The members of the Federal Supreme Council elect a president and vice president from among their members. In practice, the emir of Abu Dhabi serves as president while the ruler of Dubai is vice president and also prime minister. In 2013, the country had a population of 9.2 million, of which 1.4 million were Emirati citizens and 7.8 million were expatriates."
"22";"Egypt";"Middle East";"Cairo";"102,334,404";"$";"Egyptian Pound";"UTC+02:00 ( EET )";"+20";"Arabic (official), English and French widely understood by educated classes";"1. Sinai - 2. Sinai Coast - 3. Ras Mohammed National Park - 4. Red Sea Coast - 5. Alexandria - 6. Hurghada - 7. Luxor - 8. Dahab - 9. Suez Canal - 10. Cairo - 11. Pyramids of Giza - 12. The Valley of the Kings - 13. El-Hassana Dome - 14. El-Ahrash - 15. Al-Azhar Park";"Egypt (Arabic: مصر Miṣr), officially the Arab Republic of Egypt, is a transcontinental country spanning the northeast corner of Africa and southwest corner of Asia via a land bridge formed by the Sinai Peninsula. It is bordered by the Mediterranean Sea to the north, the Gaza Strip of Palestine and Israel to the northeast, the Red Sea to the east, Sudan to the south, and Libya to the west. The Gulf of Aqaba in the northeast separates Egypt from Jordan and Saudi Arabia. Cairo is the capital and largest city of Egypt, while Alexandria, the second-largest city, is an important industrial and tourist hub at the Mediterranean coast. At approximately 100 million inhabitants, Egypt is the 14th-most populated country in the world."
"23";"Tanzania";"Africa";"Dodoma";"59,734,218";"$";"Tanzanian shilling";"UTC+03:00 ( EAT )";"+255";"Swahili, English (both official)\; Arabic\; many local languages";"1. Unguja - 2. Mount Kilimanjaro National Park - 3. Ruaha National Park - 4. Ngorongoro Conservation Area - 5. Stone Town - 6. Selous Game Reserve - 7. Kigoma - 8. Tarangire National Park - 9. Arusha - 10. Pemba Island - 11. Mafia Island - 12. Serengeti National Park - 13. Arusha National Park - 14. Katavi National Park - 15. Dar es Salaam";"Tanzania, officially the United Republic of Tanzania (Swahili: Jamhuri ya Muungano wa Tanzania), is a country in East Africa within the African Great Lakes region. It borders Uganda to the north\; Kenya to the northeast\; Comoro Islands and the Indian Ocean to the east\; Mozambique and Malawi to the south\; Zambia to the southwest\; and Rwanda, Burundi, and the Democratic Republic of the Congo to the west. Mount Kilimanjaro, Africa's highest mountain, is in northeastern Tanzania. According to the United Nations, Tanzania has a population of 63.59 million, making it the most populous country located entirely south of the equator."
"24";"Kenya";"Africa";"Nairobi";"53,771,296";"$";"Kenyan Shilling";"UTC+03:00 ( EAT )";"+254";"English (official), Swahili (national), and numerous indigenous languages";"1. Maasai Mara - 2. Lamu Island - 3. Amboseli National Park - 4. Nairobi - 5. Hell's Gate National Park - 6. Tsavo East National Park - 7. Mombasa - 8. Malindi - 9. Samburu National Reserve - 10. Lake Nakuru - 11. Laikipia - 12. Lake Naivasha - 13. Kisumu - 14. Nyeri - 15. Marsabit";"Kenya, officially the Republic of Kenya (Swahili: Jamhuri ya Kenya), is a country in East Africa. At 580,367 square kilometres (224,081 sq mi), Kenya is the world's 48th largest country by area. With a population of more than 47.6 million in the 2019 census, Kenya is the 27th most populous country in the world. Kenya's capital and largest city is Nairobi, while its oldest, currently second largest city, and first capital is the coastal city of Mombasa. Kisumu City is the third-largest city and also an inland port on Lake Victoria. Other important urban centres include Nakuru and Eldoret. As of 2020, Kenya is the third-largest economy in sub-Saharan Africa after Nigeria and South Africa. Kenya is bordered by South Sudan to the northwest, Ethiopia to the north, Somalia to the east, Uganda to the west, Tanzania to the south, and the Indian Ocean to the southeast. Its geography, climate and population vary widely, ranging from cold snow-capped mountaintops (Batian, Nelion and Point Lenana on Mount Kenya) with vast surrounding forests, wildlife and fertile agricultural regions to temperate climates in western and rift valley counties and dry less fertile arid and semi-arid areas and absolute deserts (Chalbi Desert and Nyiri Desert)."
"25";"Seychelles";"Africa";"Victoria";"98,347";"$$$";"Seychelles Rupee";"UTC+04:00 ( Seychelles Time )";"+248";"Seselwa Creole 92%, English 5%, French (all official)";"1. Beau Vallon - 2. Silhouette Island - 3. Vallee de Mai National Park - 4. La Digue - 5. Aldabra - 6. Curieuse Island - 7. Cousin Island - 8. Grand Anse - 9. Baie Lazare - 10. Morne Seychellois National Park - 11. Aride Island - 12. Bird Island - 13. Ste Anne National Marine Park - 14. Denis Island - 15. Victoria ";"Seychelles, officially the Republic of Seychelles (French: République des Seychelles\; Creole: La Repiblik Sesel), is an archipelagic state consisting of 115 islands in the Indian Ocean. Its capital and largest city, Victoria, is 1,500 kilometres (800 nautical miles) east of mainland Africa. Nearby island countries and territories include the Comoros, Madagascar, Mauritius, and the French overseas departments of Mayotte and Réunion to the south\; and Maldives and the Chagos Archipelago (administered by the United Kingdom as the British Indian Ocean Territory) to the east. It is the least populated sovereign African country, with an estimated 2020 population of 98,462."
"26";"Madagascar";"Africa";"Antananarivo";"27,691,018";"$$$";"Malagasy Ariary";"UTC+03:00 ( EAT )";"+261";"Malagasy and French (both official)";"1. Ifaty - 2. Nosy Be - 3. Nosy Mangabe - 4. Tsingy de Bemaraha - 5. Ranomafana National Park - 6. Isalo National Park - 7. Antananarivo - 8. Andasibe-Mantadia - 9. Ambohimanga - 10. Zahamena National Park - 11. Maroantsetra - 12. Ile Sainte Marie - 13. Morondava - 14. Masoala National Park - 15. Antsirabe";"Madagascar (Malagasy: Madagasikara), officially the Republic of Madagascar (Malagasy: Repoblikan'i Madagasikara), is an island country in the Indian Ocean, approximately 400 kilometres (250 miles) off the coast of East Africa across the Mozambique Channel. At 592,800 square kilometres (228,900 sq mi) Madagascar is the world's second-largest island country, after Indonesia. The nation is home to around 30 million inhabitants and consists of the island of Madagascar (the fourth-largest island in the world), along with numerous smaller peripheral islands. Following the prehistoric breakup of the supercontinent Gondwana, Madagascar split from the Indian subcontinent around 90 million years ago, allowing native plants and animals to evolve in relative isolation. Consequently, Madagascar is a biodiversity hotspot\; over 90% of its wildlife is endemic."
"27";"South Africa";"Africa";"Pretoria - Bloemfontein - Cape Town ";"59,308,690";"$$";"Rand";"UTC+03:00 ( EAT )";"+27";"IsiZulu 23.8%, IsiXhosa 17.6%, Afrikaans 13.3%, Sepedi 9.4%, English 8.2%, Setswana 8.2%, Sesotho 7.9%, Xitsonga 4.4%, other 7.2%";"1. Bloemfontein - 2. Cape Town - 3. Durban - 4. Johannesburg - 5. East London - 6. Pietermaritzburg - 7. Kimberley - 8. Pretoria - 9. Port Elizabeth - 10. Soweto - 11. Knysna - 12. Oudtshoorn - 13. Stellenbosch - 14. Mpumalanga - 15. Kruger National Park";"South Africa, officially the Republic of South Africa (RSA), is the southernmost country in Africa. It is bounded to the south by 2,798 kilometres (1,739 mi) of coastline that stretch along the South Atlantic and Indian Oceans\; to the north by the neighbouring countries of Namibia, Botswana, and Zimbabwe\; and to the east and northeast by Mozambique and Eswatini. It also completely enclaves the country Lesotho. It is the southernmost country on the mainland of the Old World, and the second-most populous country located entirely south of the equator, after Tanzania. South Africa is a biodiversity hotspot, with unique biomes, plant and animal life. With over 60 million people, the country is the world's 24th-most populous nation and covers an area of 1,221,037 square kilometres (471,445 square miles). South Africa has three capital cities, with the executive, judicial and legislative branches of government based in Pretoria, Bloemfontein, and Cape Town respectively. The largest city is Johannesburg.About 80% of the population are Black South Africans. The remaining population consists of Africa's largest communities of European (White South Africans), Asian (Indian South Africans and Chinese South Africans), and multiracial (Coloured South Africans) ancestry. South Africa is a multiethnic society encompassing a wide variety of cultures, languages, and religions. Its pluralistic makeup is reflected in the constitution's recognition of 11 official languages, the fourth-highest number in the world."
"28";"Morocco";"Europe";"Rabat";"36,910,560";"$";"Moroccan Dirham";"UTC+01:00 ( CET )";"+212";"Arabic (official), Berber dialects, French often used for business, government, and diplomacy";"1. Fez - 2. Marrakech - 3. Casablanca - 4. Meknes - 5. Merzouga - 6. Rabat - 7. Tangier - 8. El Jadida - 9. Essaouira - 10. Agadir - 11. Oukaimeden - 12. Al Hoceima - 13. Chefchaouen - 14. Ouarzazate - 15. Asilah";"Morocco, officially the Kingdom of Morocco, is the westernmost country in the Maghreb region of North Africa. It overlooks the Mediterranean Sea to the north and the Atlantic Ocean to the west, and has land borders with Algeria to the east, and the disputed territory of Western Sahara to the south. Mauritania lies to the south of Western Sahara. Morocco also claims the Spanish exclaves of Ceuta, Melilla and Peñón de Vélez de la Gomera, and several small Spanish-controlled islands off its coast. It spans an area of 446,300 km2 (172,300 sq mi) or 710,850 km2 (274,460 sq mi),[b] with a population of roughly 37 million. Its official and predominant religion is Islam, and the official languages are Arabic and Berber\; the Moroccan dialect of Arabic and French are also widely spoken. Moroccan identity and culture is a mix of Arab, Berber, and European cultures. Its capital is Rabat, while its largest city is Casablanca."
"29";"China";"Asia";"Beijing";"1,439,323,776";"$$";"Yuan Renminbi";"UTC+08:00 ( CST ) (Only uses Xinjiang Time unofficially in Tibet and Xinjiang)";"+86";"Standard Chinese (Mandarin/Putonghua), Yue (Cantonese), Wu (Shanghaiese), Minbei (Fuzhou), Minnan (Hokkien-Taiwanese), Xiang, Gan, Hakka dialects, minority languages";"1. Shanghai - 2. Beijing - 3. Hong Kong - 4. Guilin - 5. Chengdu - 6. Guangzhou - 7. Macau - 8. Yangshuo - 9. Xi'an - 10. Jiuzhaigou - 11. Hangzhou - 12. Kashgar - 13. Kunming - 14. Hainan - 15. Harbin";"China (Chinese: 中国\; pinyin: Zhōngguó), officially the People's Republic of China (PRC), is a country in East Asia. It is the world's most populous country, with a population exceeding 1.4 billion, slightly ahead of India. China spans the equivalent of five time zones and borders fourteen countries by land, the most of any country in the world, tied with Russia. Covering an area of approximately 9.6 million square kilometres (3,700,000 sq mi), it is the world's third largest country by total land area. The country consists of 22 provinces, five autonomous regions, four municipalities, and two Special Administrative Regions (Hong Kong and Macau). The national capital is Beijing, and the most populous city and financial center is Shanghai."
"30";"India";"Asia";"New Delhi";"1,380,004,385";"$";"Indian Rupee";"UTC+05:30 ( IST )";"+91";"Hindi 30%, English, Bengali, Gujarati, Kashmiri, Malayalam, Marathi, Oriya, Punjabi, Tamil, Telugu, Urdu, Kannada, Assamese, Sanskrit, Sindhi (all official)\; Hindi/Urdu\; 1,600+ dialects";"1. Agra - 2. The Ganges - 3. Rishikesh - 4. Hampi - 5. Mumbai - 6. Jaipur - 7. Goa - 8. Varanasi - 9. Ladakh - 10. Madurai - 11. Sikkim - 12. Bikaner - 13. Delhi - 14. Kochi - 15. Bangalore (Bengaluru)";"India, officially the Republic of India (Hindi: Bhārat Gaṇarājya), is a country in South Asia. It is the seventh-largest country by area, the second-most populous country, and the most populous democracy in the world. Bounded by the Indian Ocean on the south, the Arabian Sea on the southwest, and the Bay of Bengal on the southeast, it shares land borders with Pakistan to the west\; China, Nepal, and Bhutan to the north\; and Bangladesh and Myanmar to the east. In the Indian Ocean, India is in the vicinity of Sri Lanka and the Maldives\; its Andaman and Nicobar Islands share a maritime border with Thailand, Myanmar, and Indonesia."
"31";"Nepal";"Asia";"Kathmandu";"29,136,808";"$";"Nepalese Rupee";"UTC+05:45 ( Nepal Time )";"+977";"Nepali 48% (official), Maithali 12%, Bhojpuri 7%, Tharu 6%, Tamang 5%, others. English spoken by many in government and business (2001)";"1. Kathmandu - 2. Annapurna Circuit - 3. Bhaktapur - 4. Patan - 5. Pokhara - 6. Chitwan National Park - 7. Khumbu - 8. Nagarkot - 9. Janakpur - 10. Lumbini";"Nepal (Nepali: नेपाल), formerly the Federal Democratic Republic of Nepal (Nepali: सङ्घीय लोकतान्त्रिक गणतन्त्र नेपाल), is a landlocked country in South Asia. It is mainly situated in the Himalayas, but also includes parts of the Indo-Gangetic Plain, bordering the Tibet Autonomous Region of China to the north, and India in the south, east, and west, while it is narrowly separated from Bangladesh by the Siliguri Corridor, and from Bhutan by the Indian state of Sikkim. Nepal has a diverse geography, including fertile plains, subalpine forested hills, and eight of the world's ten tallest mountains, including Mount Everest, the highest point on Earth. Nepal is a multi-ethnic, multi-lingual, multi-religious and multi-cultural state, with Nepali as the official language. Kathmandu is the nation's capital and the largest city."
"32";"Thailand";"South-east Asia";"Bangkok";"69,799,978";"$$";"Baht";"UTC+07:00 (THA)";"+66";"Thai (Siamese), English (secondary language of the elite), ethnic and regional dialects";"1. Ko Chang - 2. Ko Phi Phi Don - 3. Phuket - 4. Ko Racha Yai - 5. Ko hHae - 6. Koh Lanta Yai - 7. Koh Lipe - 8. Koh Tao - 9. Koh Pha Ngan - 10 Koh Samui - 11. Koh Phi Phi Leh - 12. Koh Samet - 13. Koh Mak - 14. Koh Yao Noi - 15. Koh Phra Thong - 16. Khao Phing Kan - 17. Koh Larn - 18. Ko Mai Phai - 19. Koh Panyee - 20. Ko Kham - 21. Koh Wai - 22. Koh Rang Yai - 23. Koh Khram Yai - 24. Koh Kret - 25. Koh Bida Nok";"Thailand, historically known as Siam and officially the Kingdom of Thailand, is a country in Southeast Asia, located at the centre of the Indochinese Peninsula, spanning 513,120 square kilometres (198,120 sq mi), with a population of almost 70 million. The country is bordered to the north by Myanmar and Laos, to the east by Laos and Cambodia, to the south by the Gulf of Thailand and Malaysia, and to the west by the Andaman Sea and the extremity of Myanmar. Thailand also shares maritime borders with Vietnam to the southeast, and Indonesia and India to the southwest. Bangkok is the nation's capital and largest city."
"33";"Vietnam";"South-east Asia";"Hanoj";"97,338,579";"$";"Dong";"UTC+07:00 (Indochina Time)";"+84";"Vietnamese (official)\; English (increasingly favored as a second language)\; some French, Chinese, Khmer\; mountain area languages (Mon-Khmer and Malayo-Polynesian)";"1. Ha Long Bay - 2: Hanoi - 3. Hoi An - 4. Hue - 5. Sapa - 6. Nha Trang - 7. Mekong Delta - 8. Ho Chi Minh City - 9. Phong Nha-Ke Bang National Park - 10. Phu Quoc - 11. My Son - 12. Dalat";"Vietnam or Viet Nam (Vietnamese: Việt Nam), officially the Socialist Republic of Vietnam, is a country in Southeast Asia, at the eastern edge of mainland Southeast Asia, with an area of 311,699 square kilometres (120,348 sq mi) and population of 96 million, making it the world's sixteenth-most populous country. Vietnam borders China to the north, and Laos and Cambodia to the west. It shares maritime borders with Thailand through the Gulf of Thailand, and the Philippines, Indonesia, and Malaysia through the South China Sea. Its capital is Hanoi and its largest city is Ho Chi Minh City (commonly known as Saigon)."
"34";"Australia";"ANZ";"Canberra";"25,499,884";"$$$";"Australian Dollar";"UTC+08:00 ( AWST )UTC+08:45 (CWT)UTC+09:30 ( ACST )UTC+10:30";"+61";"English 79%, native and other languages";"1. Sydney Opera House, New South Wales - 2. Great Barrier Reef Marine Park, Queensland - 3. Uluru-Kata Tjuta National Park, Northern Territory - 4. Sydney Harbour Bridge, New South Wales - 5. Blue Mountains National Park, New South Wales -  6. Melbourne's Culture, Victoria - 7. Bondi Beach, New South Wales - 8. Daintree National Park, Queensland - 9. K'Gari (Fraser Island), Queensland - 10. Kakadu National Park, Northern Territory - 11. Great Ocean Road, Victoria - 12. Broome, Western Australia - 13. Kangaroo Island, South Australia - 14. Cradle Mountain-Lake St. Clair National Park, Tasmania - 15. Horizontal Falls & the Kimberley Region";"Australia, officially the Commonwealth of Australia, is a sovereign country comprising the mainland of the Australian continent, the island of Tasmania, and numerous smaller islands. With an area of 7,617,930 square kilometres (2,941,300 sq mi), Australia is the largest country by area in Oceania and the world's sixth-largest country. Australia is the oldest, flattest, and driest inhabited continent, with the least fertile soils. It is a megadiverse country, and its size gives it a wide variety of landscapes and climates, with deserts in the centre, tropical rainforests in the north-east, and mountain ranges in the south-east."
"35";"New Zealand";"ANZ";"Wellington";"4,822,233";"$$$";"New Zealand Dollar";"UTC+12:45";"+64";"English, Maori (both official)";"1. Fiordland - 2. Tongariro National Park - 3. Queenstown - 4. Auckland - 5. Paihia - 6. Rotorua - 7. Napier - 8. Glacier Country - 9. Nelson - 10. Stewart Island";"New Zealand (Māori: Aotearoa) is an island country in the southwestern Pacific Ocean. It consists of two main landmasses—the North Island (Te Ika-a-Māui) and the South Island (Te Waipounamu)—and over 700 smaller islands. It is the sixth-largest island country by area, covering 268,021 square kilometres (103,500 sq mi). New Zealand is about 2,000 kilometres (1,200 mi) east of Australia across the Tasman Sea and 1,000 kilometres (600 mi) south of the islands of New Caledonia, Fiji, and Tonga. The country's varied topography and sharp mountain peaks, including the Southern Alps, owe much to tectonic uplift and volcanic eruptions. New Zealand's capital city is Wellington, and its most populous city is Auckland."
"36";"Japan";"Asia";"Tokyo";"126,476,461";"$$$";"Yen";"UTC+09:00 ( JST )";"+81";"Japanese";"1. Kyoto - 2. Tokyo - 3. Osaka - 4. Hakone - 5. Kobe - 6. Nara - 7.Sapporo - 8. Kamakura - 9. Yokohama - 10. Izu Hanto - 11. Hiroshima - 12. Shikoku - 13. Nikko - 14. Takayama - 15. Chichijima";"Japan (Japanese: 日本, Nippon or Nihon, and formally 日本国, Nihonkoku) is an island country in East Asia. It is situated in the northwest Pacific Ocean, and is bordered on the west by the Sea of Japan, while extending from the Sea of Okhotsk in the north toward the East China Sea, Philippine Sea, and Taiwan in the south. Japan is a part of the Ring of Fire, and spans an archipelago of 6852 islands covering 377,975 square kilometers (145,937 sq mi)\; the five main islands are Hokkaido, Honshu (the \"mainland\"), Shikoku, Kyushu, and Okinawa. Tokyo is the nation's capital and largest city, followed by Yokohama, Osaka, Nagoya, Sapporo, Fukuoka, Kobe, and Kyoto."
"37";"Indonesia";"South-east Asia";"Jakarta";"273,523,615";"$";"Rupiah";"UTC+07:00 (Western Indonesian Standard Time)UTC+08:00 (Central Indonesian Standard Time)";"+62";"Bahasa Indonesia (official), English, Dutch, Javanese, and more than 580 other languages and dialects";"1. Gili Islands - 2. Bali - 3. Lombok - 4. Yogyakarta - 5. Jakarta - 6. Borobudur - 7. Raja Ampat - 8. Komodo - 9. Bandung - 10. Bukit Lawang - 11. Labuan Bajo - 12. Samarinda - 13. Surabaya - 14. Tana Toraja - 15. Lake Toba";"Indonesia officially the Republic of Indonesia, is a country in Southeast Asia and Oceania between the Indian and Pacific oceans. It consists of over 17,000 islands, including Sumatra, Java, Sulawesi, and parts of Borneo and New Guinea. Indonesia is the world's largest archipelagic state and the 14th-largest country by area, at 1,904,569 square kilometres (735,358 square miles). With over 275 million people, Indonesia is the world's fourth-most populous country and the most populous Muslim-majority country. Java, the world's most populous island, is home to more than half of the country's population."
"38";"Cambodia";"South-east Asia";"Phnom Penh";"16,718,965";"$$";"Riel";"UTC+07:00";"+855";"French, English (both official)\; 24 major African language groups";"1. Angkor - 2. Sihanoukville - 3. Phnom Penh - 4. Kratie - 5. Siem Reap - 6. Koh Ker - 7. Koh Rong - 8. Banlung - 9. Kampot - 10. Mondulkiri - 11. Battambang - 12. Kep - 13. Koh Thonsay - 14. Koh Kong - 15. Pailin";"Cambodia (/kæmˈboʊdiə/ (listen)\;[11] also Kampuchea /ˌkæmpʊˈtʃiːə/\; Khmer: កម្ពុជា, UNGEGN: Kâmpŭchéa [kampuciə]), officially the Kingdom of Cambodia, is a country located in the southern portion of the Indochinese Peninsula in Southeast Asia, spanning an area of 181,035 square kilometres (69,898 square miles), bordered by Thailand to the northwest, Laos to the north, Vietnam to the east, and the Gulf of Thailand to the southwest. Buddhism is enshrined in the constitution as the official state religion, and is practised by more than 97% of the population. Cambodia's minority groups include Vietnamese, Chinese, Chams and 30 hill tribes. Cambodia has a tropical monsoon climate of two seasons, and the country is made up of a central floodplain around the Tonlé Sap lake and Mekong Delta, surrounded by mountainous regions. The capital and largest city is Phnom Penh, the political, economic and cultural centre of Cambodia. The kingdom is an elective constitutional monarchy with a monarch, currently Norodom Sihamoni, chosen by the Royal Council of the Throne as head of state. The head of government is the Prime Minister, currently Hun Sen, the longest serving non-royal leader in Southeast Asia, who has ruled since 1985."
"39";"Maldives";"Asia";"Male";"540,544";"$$";"Rufiyaa";"UTC+05:00";"+960";"Maldivian Dhivehi (official)\; English spoken by most government officials";"1. Male - 2. Hulhumale Island - 3. Maafushi - 4. Utheemu - 5. Feydhoo - 6. Maradhoo - 7. Veligandu Island - 8. Banana Reef - 9. Thulusdhoo Island - 10. Fuvahmulah - 11. Alimatha Island - 12. Hithadhoo - 13. Kuredu - 14. Gan - 15. Kunfunadhoo Island";"Maldives (ދިވެހިރާއްޖެ), officially the Republic of Maldives (ދިވެހިރާއްޖޭގެ ޖުމްހޫރިއްޔާ), is an archipelagic state located in South Asia, situated in the Indian Ocean. It lies southwest of Sri Lanka and India, about 750 kilometres (470 miles\; 400 nautical miles) from the Asian continent's mainland. The chain of 26 atolls stretches across the equator from Ihavandhippolhu Atoll in the north to Addu Atoll in the south.Comprising a territory spanning roughly 90,000 square kilometres (35,000 sq mi) including the sea, land area of all the islands comprises 298 square kilometres (115 sq mi), Maldives is one of the world's most geographically dispersed sovereign states and the smallest Asian country as well as one of the smallest Muslim-majority countries by land area and, with around 557,751 inhabitants, the 2nd least populous country in Asia. Malé is the capital and the most populated city, traditionally called the \"King's Island\" where the ancient royal dynasties ruled for its central location.The Maldivian Archipelago is located on the Chagos–Laccadive Ridge, a vast submarine mountain range in the Indian Ocean\; this also forms a terrestrial ecoregion, together with the Chagos Archipelago and Lakshadweep. With an average ground-level elevation of 1.5 metres (4 ft 11 in) above sea level, and a highest natural point of only 2.4 meters, it is the world's lowest-lying country."
"40";"Croatia";"Europe";"Zagred";"4,105,267";"$$";"Kuna";"UTC+02:00 ( EET )";"+385";"Croatian 96% (official), other 4% (including Italian, Hungarian, Czech, Slovak, German)";"1. Pula - 2. Korcula Island - 3. Dubrovnik - 4. Zagreb - 5. Rovinj - 6. Hvar - 7. Mljet Island - 8. Plitvice National Park - 9. Motovun - 10. Split - 11. Zadar - 12. Zagorje Region - 13. Krka National Park - 14. Rijeka - 15. Varazdin";"Croatia (/kroʊˈeɪʃə/ (listen), kroh-AY-shə\; Croatian: Hrvatska, pronounced [xř̩ʋaːtskaː]), officially the Republic of Croatia (Croatian: Republika Hrvatska), is a country at the crossroads of Central and Southeast Europe. Its sole coast is on the Adriatic Sea. It borders Slovenia to the northwest, Hungary to the northeast, Serbia to the east, Bosnia and Herzegovina and Montenegro to the southeast, and shares a maritime border with Italy to the west and southwest. Its capital and largest city, Zagreb, forms one of the country's primary subdivisions, with twenty counties. The country spans 56,594 square kilometres (21,851 square miles), and has a population of nearly 3.9 million."
"41";"Costa Rica";"LATAM";"San Jose";"5,094,118";"$$";"Costa Rican Colon";"UTC-06:00";"+506";"Spanish (official), English";"1. Arenal - 2. Monteverde - 3. Tamarindo - 4. Corcovado National Park - 5. Puerto Viejo de Talamanca - 6. San Jose - 7. Alajuela - 8. Manuel Antonio National Park - 9. Jacó - 10. Santa Teresa - 11. Tortuguero National Park - 12. Chirripó National Park - 13. Cartago - 14. Rincon de la Vieja National Park - 15. Montezuma";"Costa Rica (literally \"Rich Coast\"), officially the Republic of Costa Rica (Spanish: República de Costa Rica), is a country in the Central American region of North America, bordered by Nicaragua to the north, the Caribbean Sea to the northeast, Panama to the southeast, the Pacific Ocean to the southwest, and maritime border with Ecuador to the south of Cocos Island. It has a population of around five million in a land area of 51,060 km2 (19,710 sq mi). An estimated 333,980 people live in the capital and largest city, San José, with around two million people in the surrounding metropolitan area."
"42";"Netherlands";"Europe";"Amsterdam";"17,134,872";"$$$";"Euro";"UTC+02:00 ( EET )";"+31";"Dutch, Frisian (both official)";"1. Amsterdam - 2. Leiden - 3. Delft - 4. The Hague - 5. Maastricht - 6. Utrecht - 7. Haarlem - 8. Groningen - 9. Rotterdam - 10. Gouda";"The Netherlands, informally Holland, is a country located in Northwestern Europe with overseas territories in the Caribbean. It is the largest of four constituent countries of the Kingdom of the Netherlands. The Netherlands consists of twelve provinces\; it borders Germany to the east, and Belgium to the south, with a North Sea coastline to the north and west. It shares maritime borders with the United Kingdom, Germany and Belgium in the North Sea."
"43";"Denmark";"Europe";"Copenhagen";"Denmark 5,792,202";"$$$$";"Danish Krone";"UTC+01:00 ( CET )";"+45";"Danish, Faroese, Greenlandic (Inuit dialect), German\; English is the predominant second language";"1. Copenhagen - 2. Faroe Islands - 3. The Danish Riviera - 4. Odense - 5. Skagen - 6. Roskilde - 7. Skjoldungernes Land National Park - 8. Aarhus - 9. Thy National Park - 10. Fredericia - 11. Billund - 12. Bornholm - 13. Ribe - 14. Aalborg - 15. Kerteminde";"Denmark is a Nordic country in Northern Europe. It is the most populous and politically central constituent of the Kingdom of Denmark, a constitutionally unitary state that includes the autonomous territories of the Faroe Islands and Greenland in the North Atlantic Ocean. Metropolitan Denmark is the southernmost of the Scandinavian countries, lying south-west of Sweden, south of Norway, and north of Germany.As of 2013, the Kingdom of Denmark, including the Faroe Islands and Greenland, has a total of 1,419 islands\; 443 of which have been named and of which 78 are inhabited. Spanning a total area of 42,943 km2 (16,580 sq mi), Metropolitan Denmark consists of the northern part of the Jutland peninsula and an archipelago of 406 islands."
"44";"Finland";"Europe";"Helsinki";"5,540,720";"$$$$";"Euro";"UTC+02:00 ( EET )";"+358";"Finnish 92%, Swedish 6% (both official)\; small Sami- (Lapp) and Russian-speaking minorities";"1. Tampere - 2. Porvoo - 3. Lapland - 4. Oulu - 5. Helsinki - 6. Archipelago National Park - 7. Turku - 8. Koli National Park - 9. Seurasaari - 10. Hameenlinna - 11. Vaasa - 12. Kuopio - 13. Lemmenjoki National Park - 14. Levi 15. Aland Islands";"Finland (Finnish: Suomi), officially the Republic of Finland (Finnish: Suomen tasavalta), is a Nordic country in Northern Europe. It shares land borders with Sweden to the northwest, Norway to the north, and Russia to the east, with the Gulf of Bothnia to the west and the Gulf of Finland across Estonia to the south. Finland covers an area of 338,455 square kilometres (130,678 sq mi) with a population of 5.6 million. Helsinki is the capital and largest city, forming a larger metropolitan area with the neighbouring cities of Espoo, Kauniainen, and Vantaa. The vast majority of the population are ethnic Finns. Finnish, alongside Swedish, are the official languages. Swedish is the native language of 5.2% of the population. Finland's climate varies from humid continental in the south to the boreal in the north. The land cover is primarily a boreal forest biome, with more than 180,000 recorded lakes."
"45";"Sweden";"Europe";"Stockholm";"Sweden 10,099,265";"$$$$";"Swedish Krona";"UTC+01:00 ( CET )";"+46";"Swedish, small Sami- and Finnish-speaking minorities";"1. Stockholm - 2. Ystad - 3. Marstrand - 4. Vadstena - 5.Jönköping/Lake Vättern - 6. Kosterhavet - 7. Gothenburg - 8. Visby - 9. The Stockholm Archipelago - 10. Malmö - 11. Jukkasjärvi/ICEHOTEL - 12. Sundsvall - 13. Dalarna - 14. Lake Mälaren - 15. Swedish Lapland";"Sweden, formally the Kingdom of Sweden, is a Nordic country located on the Scandinavian Peninsula in Northern Europe. It borders Norway to the west and north, Finland to the east, and is connected to Denmark in the southwest by a bridge–tunnel across the Oresund. At 450,295 square kilometres (173,860 sq mi), Sweden is the largest Nordic country, the third-largest country in the European Union, and the fifth-largest country in Europe. The capital and largest city is Stockholm. Sweden has a total population of 10.5 million, and a low population density of 25.5 inhabitants per square kilometre (66/sq mi), with around 87% of Swedes residing in urban areas in the central and southern half of the country.Sweden has a nature dominated by forests and a large amount of lakes, including some of the largest in Europe. Many long rivers run from the Scandes range through the landscape, primarily emptying into the northern tributaries of the Baltic Sea. It has an extensive coastline and most of the population lives near a major body of water."
